0.0,1399
0.014106273651123047,-171
0.015289306640625,-1294
0.015291213989257812,-424
0.018035173416137695,1399
0.018802165985107422,83
0.023592233657836914,123
0.02424001693725586,108
0.02632927894592285,-82
0.026765108108520508,-81
0.033406972885131836,-493
0.03340911865234375,-150
0.033410072326660156,-73
0.06513404846191406,1335
0.06715011596679688,76
0.0696110725402832,85
0.08075809478759766,-157
0.0814201831817627,77
0.08800411224365234,-1294
0.08813214302062988,-1294
0.08961009979248047,-1294
0.089874267578125,-1294
0.09014511108398438,-1294
0.09042000770568848,-1294
0.09069490432739258,-1294
0.09096932411193848,-1294
0.09124517440795898,-1294
0.09151697158813477,-1294
0.09179425239562988,-1294
0.09207010269165039,-1294
0.09234309196472168,-1294
0.09261822700500488,-1294
0.09291410446166992,-1294
0.09318709373474121,-1294
0.09345817565917969,-1294
0.09640121459960938,75
0.09875011444091797,76
0.10123014450073242,76
0.10285496711730957,-1294
0.1030280590057373,-1294
0.10302996635437012,-1294
0.10326004028320312,-1294
0.10332512855529785,76
0.10340118408203125,-1294
0.10570096969604492,-1294
0.10570287704467773,-1294
0.10570430755615234,-1294
0.10570430755615234,-1294
0.10570526123046875,-1294
0.1061241626739502,-1294
0.10625600814819336,-1294
0.10641598701477051,76
0.1082911491394043,76
0.10926389694213867,-1294
0.10926628112792969,-1294
0.1092672348022461,-1294
0.1092672348022461,-1294
0.1092681884765625,-1294
0.1092691421508789,-1294
0.10927009582519531,-1294
0.10927009582519531,-1294
0.10927104949951172,-1294
0.10927224159240723,-1294
0.10927224159240723,-1294
0.10927319526672363,-1294
0.10927319526672363,-1294
0.10927414894104004,-1294
0.10927414894104004,-1294
0.10927510261535645,-1294
0.10927605628967285,-1294
0.10927605628967285,-1294
0.11086606979370117,76
0.11809396743774414,-1294
0.11829304695129395,-1294
0.11850118637084961,-1294
0.11870527267456055,-1294
0.11890721321105957,-1294
0.11911606788635254,-1294
0.11932229995727539,-1294
0.11953306198120117,-1294
0.12169218063354492,76
0.12266993522644043,-1294
0.12286114692687988,-1294
0.12300801277160645,76
0.12306427955627441,-1294
0.1232759952545166,-1294
0.12347888946533203,-1294
0.12368607521057129,-1294
0.12388920783996582,-1294
0.12409710884094238,-1294
0.1242990493774414,-1294
0.12451410293579102,-1294
0.12495708465576172,76
0.127272367477417,76
0.1293349266052246,76
0.13148212432861328,76
0.13354110717773438,76
0.13565731048583984,76
0.13798999786376953,-1294
0.1381971836090088,-1294
0.1383969783782959,-1294
0.13860225677490234,-1294
0.13880515098571777,-1294
0.1389319896697998,76
0.14102530479431152,76
0.14253020286560059,-1294
0.14276123046875,-1514
0.14296698570251465,-1294
0.14311599731445312,76
0.14316916465759277,-1294
0.14338302612304688,-1294
0.14358997344970703,-1294
0.14379429817199707,-1294
0.14399504661560059,-1294
0.14420413970947266,-1294
0.1444091796875,-1294
0.14461112022399902,-1294
0.14482522010803223,-1294
0.14522814750671387,76
0.14570021629333496,-1294
0.14590716361999512,-1294
0.14707326889038086,76
0.14925622940063477,76
0.1510939598083496,76
0.15333199501037598,75
0.15451526641845703,76
0.15655231475830078,75
0.15703988075256348,-1294
0.1572413444519043,-1294
0.15744400024414062,-1294
0.15764927864074707,-1294
0.1578531265258789,-1294
0.1593470573425293,81
0.1609668731689453,75
0.16403889656066895,-1294
0.16423797607421875,-1294
0.16443705558776855,-1294
0.1646420955657959,-1294
0.1646571159362793,81
0.16484689712524414,-1294
0.1650559902191162,-1294
0.16526293754577637,-1294
0.16547513008117676,-1294
0.165679931640625,-1294
0.16588783264160156,-1294
0.16608929634094238,-1294
0.16629624366760254,-1294
0.16635513305664062,77
0.16650009155273438,-1294
0.16670918464660645,-1294
0.166917085647583,-1294
0.16712117195129395,-1294
0.1673269271850586,-1294
0.16753911972045898,-1294
0.16773724555969238,-1294
0.16915202140808105,82
0.17112112045288086,77
0.17357206344604492,75
0.17455506324768066,77
0.17695999145507812,75
0.17774105072021484,77
0.17954111099243164,77
0.18071794509887695,-1294
0.1809391975402832,-1294
0.18112421035766602,-1294
0.18132591247558594,-1294
0.18153119087219238,-1294
0.18173909187316895,-1294
0.1819462776184082,-1294
0.18215513229370117,-1294
0.18236112594604492,-1294
0.18256592750549316,-1294
0.18278002738952637,-1294
0.18278813362121582,83
0.18297815322875977,-1294
0.18318390846252441,-1294
0.18339109420776367,-1294
0.18359994888305664,-1294
0.18379902839660645,-1294
0.184006929397583,-1294
0.18421506881713867,-1294
0.18442416191101074,-1294
0.18462514877319336,-1294
0.18483328819274902,-1294
0.18503713607788086,-1294
0.18505406379699707,78
0.18523812294006348,-1294
0.18545222282409668,-1294
0.185654878616333,-1294
0.185866117477417,-1294
0.18684124946594238,77
0.18845725059509277,77
0.18885493278503418,-1294
0.18906116485595703,-1294
0.18925905227661133,-1294
0.18947196006774902,-1294
0.18967318534851074,-1294
0.1898789405822754,-1294
0.19139695167541504,75
0.19220304489135742,77
0.19336414337158203,-1294
0.19349122047424316,-1294
0.19443893432617188,83
0.1957683563232422,78
0.19881391525268555,77
0.20088601112365723,77
0.20248818397521973,78
0.20479893684387207,78
0.20688605308532715,-1294
0.20702290534973145,-1294
0.20702528953552246,-1294
0.20702528953552246,-1294
0.20703792572021484,78
0.20744705200195312,-1294
0.2075800895690918,-1294
0.2077171802520752,-1294
0.20912599563598633,78
0.20934391021728516,-1294
0.20934724807739258,-1294
0.20934820175170898,-1514
0.2097933292388916,-1514
0.20995187759399414,-1514
0.2101132869720459,-1514
0.21026992797851562,-1514
0.2104341983795166,-1514
0.21086907386779785,77
0.21322917938232422,-1514
0.21323108673095703,-1514
0.21323204040527344,-1514
0.21323204040527344,-1514
0.21323323249816895,-1514
0.21541500091552734,78
0.21767425537109375,78
0.21965503692626953,78
0.22344303131103516,80
0.22455811500549316,79
0.2259998321533203,79
0.22817587852478027,80
0.2297213077545166,80
0.23192834854125977,79
0.23351407051086426,79
0.23496413230895996,79
0.23838400840759277,80
0.23954105377197266,79
0.2410120964050293,79
0.24231696128845215,80
0.2448441982269287,80
0.24651503562927246,79
0.24759888648986816,80
0.24900317192077637,79
0.24975109100341797,-1514
0.25006628036499023,-1514
0.25038814544677734,-1514
0.2503960132598877,79
0.25072598457336426,-1514
0.2510251998901367,-1514
0.25134706497192383,-1514
0.2516651153564453,-1514
0.2519810199737549,-1514
0.25231003761291504,-1514
0.2526252269744873,-1514
0.2529430389404297,-1514
0.253262996673584,-1514
0.2535839080810547,-1514
0.2538290023803711,80
0.2539188861846924,-1514
0.2542262077331543,-1514
0.2545051574707031,-1514
0.2546651363372803,-1514
0.2548251152038574,-1514
0.25498533248901367,-1514
0.2551429271697998,-1514
0.25530099868774414,-1514
0.2554628849029541,-1514
0.25562000274658203,-1514
0.2557942867279053,-1514
0.25594210624694824,-1514
0.2561030387878418,-1514
0.25626516342163086,-1514
0.2564210891723633,-1514
0.25658416748046875,-1514
0.25675415992736816,-1514
0.2568333148956299,80
0.25690627098083496,-1514
0.2570831775665283,-1514
0.25866198539733887,-1514
0.2587411403656006,80
0.26046204566955566,79
0.26186609268188477,80
0.26509904861450195,80
0.26664209365844727,80
0.26942896842956543,79
0.27080607414245605,79
0.27355003356933594,-1514
0.2736990451812744,-1514
0.2737009525299072,-1514
0.2737009525299072,-1514
0.27370214462280273,-1514
0.2737081050872803,80
0.273853063583374,-1514
0.27401113510131836,-1514
0.2741720676422119,-1514
0.27433109283447266,-1514
0.27449917793273926,-1514
0.2746551036834717,-1514
0.27481913566589355,-1514
0.274975061416626,-1514
0.27513599395751953,-1514
0.27529406547546387,-1514
0.27545595169067383,-1514
0.275615930557251,-1514
0.27577733993530273,-1514
0.27588415145874023,79
0.27593493461608887,-1514
0.27609825134277344,-1514
0.2762572765350342,-1514
0.2764148712158203,-1514
0.27657413482666016,-1514
0.27673816680908203,-1514
0.27689409255981445,-1514
0.277055025100708,-1514
0.27721405029296875,-1514
0.27731800079345703,79
0.2773871421813965,-1514
0.2775411605834961,-1514
0.2776949405670166,-1514
0.27785396575927734,-1514
0.2780172824859619,-1514
0.27819108963012695,-1514
0.27834010124206543,-1514
0.2785000801086426,-1514
0.27863001823425293,79
0.27866435050964355,-1514
0.2807650566101074,80
0.28183794021606445,-1514
0.28199315071105957,-1514
0.28215599060058594,79
0.28218913078308105,-1514
0.2823221683502197,-1514
0.2824742794036865,-1514
0.28263425827026367,-1514
0.2827951908111572,-1514
0.2829782962799072,-1514
0.2831122875213623,-1514
0.28327226638793945,-1514
0.283433198928833,-1514
0.28359103202819824,-1514
0.28375697135925293,-1514
0.28391218185424805,-1514
0.2840721607208252,-1514
0.28423333168029785,-1514
0.284390926361084,-1514
0.2844681739807129,81
0.28456592559814453,-1514
0.2847170829772949,-1514
0.28488612174987793,-1514
0.2850332260131836,-1514
0.2851998805999756,-1514
0.2853541374206543,-1514
0.2855222225189209,-1514
0.2856721878051758,-1514
0.2858309745788574,-1514
0.2859981060028076,-1514
0.28615236282348633,-1514
0.2863500118255615,-1514
0.28650617599487305,-1514
0.28662896156311035,-1514
0.28682708740234375,-1514
0.2869570255279541,-1514
0.289243221282959,81
0.2905862331390381,80
0.2922501564025879,80
0.2938849925994873,-1514
0.2940371036529541,-1514
0.29420018196105957,-1514
0.29540038108825684,81
0.2968130111694336,80
0.29826903343200684,80
0.2995471954345703,80
0.30102109909057617,81
0.30266904830932617,81
0.3033781051635742,-1514
0.30338096618652344,-1514
0.30338096618652344,-1514
0.30338191986083984,-1514
0.30389904975891113,-1514
0.30481910705566406,81
0.306704044342041,-1514
0.30670619010925293,-1514
0.30670714378356934,-1514
0.30670714378356934,-1514
0.30670809745788574,-1514
0.30670905113220215,-1514
0.30685925483703613,-1514
0.3070211410522461,-1514
0.3070230484008789,-1514
0.3070240020751953,-1514
0.3070240020751953,-1514
0.3070251941680908,-1514
0.3070261478424072,-1514
0.30702710151672363,-1514
0.30707311630249023,81
0.3071749210357666,-1514
0.3089900016784668,81
0.3108811378479004,81
0.3120572566986084,-1514
0.3120591640472412,-1514
0.3120601177215576,-1514
0.3120601177215576,-1514
0.312061071395874,-1514
0.31206202507019043,-1514
0.31206202507019043,-1514
0.31206393241882324,-1514
0.31206512451171875,-1514
0.31206512451171875,-1514
0.31206607818603516,-1514
0.31206703186035156,-1514
0.31206703186035156,-1514
0.31206822395324707,-1514
0.31206822395324707,-1514
0.3120691776275635,-1514
0.3120701313018799,-1514
0.3120701313018799,-1514
0.3120710849761963,-1514
0.3120722770690918,-1514
0.3120722770690918,-1514
0.3120732307434082,-1514
0.3120741844177246,-1514
0.312075138092041,-1514
0.312075138092041,-1514
0.3120760917663574,-1514
0.31207704544067383,-1514
0.31207704544067383,-1514
0.31316304206848145,81
0.3166229724884033,81
0.31865811347961426,81
0.32041120529174805,80
0.3219730854034424,80
0.32201218605041504,-1514
0.32378196716308594,81
0.3239881992340088,-1514
0.3239901065826416,-1514
0.3239922523498535,-1514
0.3239922523498535,-1514
0.3239932060241699,-1514
0.32399415969848633,-1514
0.32399415969848633,-1514
0.32399606704711914,-1514
0.32399702072143555,-1514
0.32399702072143555,-1514
0.32399797439575195,-1514
0.32399797439575195,-1514
0.32399892807006836,-1514
0.32399988174438477,-1514
0.32399988174438477,-1514
0.3240013122558594,-1514
0.3240022659301758,-1514
0.3240032196044922,-1514
0.3240041732788086,-1514
0.324005126953125,-1514
0.324005126953125,-1514
0.3240060806274414,-1514
0.3240070343017578,-1514
0.3240082263946533,-1514
0.3240091800689697,-1514
0.3240091800689697,-1514
0.32401013374328613,-1514
0.32401108741760254,-1514
0.32401108741760254,-1514
0.32401204109191895,-1514
0.32401299476623535,-1514
0.32401299476623535,-1514
0.32401394844055176,-1514
0.32401490211486816,-1514
0.32401490211486816,-1514
0.32555198669433594,81
0.3276822566986084,80
0.3297090530395508,81
0.33116793632507324,-1514
0.33117008209228516,-1514
0.33117103576660156,-1514
0.33117198944091797,-1514
0.3311731815338135,-1514
0.3311731815338135,-1514
0.3311741352081299,-1514
0.3311741352081299,-1514
0.3311762809753418,-1514
0.3311772346496582,-1514
0.3311781883239746,-1514
0.3311781883239746,-1514
0.331179141998291,-1514
0.33162426948547363,81
0.33217811584472656,-1514
0.3321800231933594,-1514
0.3321809768676758,-1514
0.3321809768676758,-1514
0.3321819305419922,-1514
0.3321828842163086,-1514
0.3321828842163086,-1514
0.3321852684020996,-1514
0.3321852684020996,-1514
0.332186222076416,-1514
0.332186222076416,-1514
0.3321871757507324,-1514
0.33218812942504883,-1514
0.33218812942504883,-1514
0.33218908309936523,-1514
0.3330540657043457,-1514
0.3332068920135498,-1514
0.33336305618286133,-1514
0.33353209495544434,-1514
0.3339731693267822,-1514
0.3341341018676758,-1514
0.3342902660369873,-1514
0.3344550132751465,-1514
0.33473825454711914,81
0.33492016792297363,-1514
0.33507418632507324,-1514
0.3352351188659668,-1514
0.33539795875549316,-1514
0.3355569839477539,-1514
0.3357222080230713,-1514
0.33588123321533203,-1514
0.33603811264038086,-1514
0.33620405197143555,-1514
0.3362300395965576,80
0.33725619316101074,-1514
0.33741116523742676,-1514
0.3375720977783203,-1514
0.3377349376678467,-1514
0.33789730072021484,-1514
0.3379969596862793,81
0.33805203437805176,-1514
0.3382079601287842,-1514
0.33836793899536133,-1514
0.33852696418762207,-1514
0.33869123458862305,-1514
0.3388540744781494,-1514
0.33901309967041016,-1514
0.3391740322113037,-1514
0.3393383026123047,-1514
0.339540958404541,81
0.3412511348724365,80
0.34316515922546387,81
0.3436460494995117,-1514
0.34380602836608887,-1514
0.3439640998840332,-1514
0.344127893447876,-1514
0.3442850112915039,-1514
0.34444594383239746,-1514
0.3446078300476074,-1514
0.34476399421691895,-1514
0.3449270725250244,-1514
0.34508705139160156,-1514
0.3452441692352295,-1514
0.34540414810180664,-1514
0.34557199478149414,-1514
0.3456120491027832,80
0.3462982177734375,-1514
0.34646010398864746,-1514
0.3466172218322754,-1514
0.3467750549316406,-1514
0.3469350337982178,-1514
0.34709620475769043,-1514
0.3472580909729004,-1514
0.3473670482635498,81
0.34741926193237305,-1514
0.347576379776001,-1514
0.3477320671081543,-1514
0.34789395332336426,-1514
0.34805822372436523,-1514
0.3482229709625244,-1514
0.3483762741088867,-1514
0.34853410720825195,-1514
0.3486950397491455,-1514
0.3488590717315674,-1514
0.34902191162109375,-1514
0.34917497634887695,-1514
0.3491811752319336,80
0.3493330478668213,-1514
0.34949493408203125,-1514
0.3502531051635742,-1514
0.3504068851470947,-1514
0.3505721092224121,-1514
0.35073304176330566,-1514
0.3508892059326172,-1514
0.35104918479919434,-1514
0.35120606422424316,-1514
0.3513669967651367,-1514
0.35152506828308105,-1514
0.35169124603271484,-1514
0.35184693336486816,-1514
0.3520059585571289,-1514
0.3521711826324463,-1514
0.3523421287536621,81
0.3530299663543701,-1514
0.35318708419799805,-1514
0.3533499240875244,-1514
0.35351109504699707,-1514
0.3536691665649414,-1514
0.35382914543151855,-1514
0.3539910316467285,-1514
0.35414814949035645,-1514
0.3543071746826172,-1514
0.35446715354919434,-1514
0.3546271324157715,-1514
0.35478711128234863,-1514
0.3548281192779541,81
0.3549470901489258,-1514
0.3556959629058838,-1514
0.35585498809814453,-1514
0.35601305961608887,-1514
0.3561739921569824,-1514
0.356337308883667,-1514
0.3564949035644531,-1514
0.3566572666168213,-1514
0.35671424865722656,81
0.3580210208892822,-1514
0.35817599296569824,-1514
0.35918521881103516,-1514
0.35918617248535156,-1514
0.35918712615966797,-1514
0.36037731170654297,-1514
0.36053919792175293,-1514
0.36054110527038574,-1514
0.36078715324401855,81
0.3609650135040283,-1514
0.36112213134765625,-1514
0.3619081974029541,-1514
0.36296916007995605,-1514
0.36312127113342285,80
0.36614513397216797,-1514
0.36615419387817383,80
0.3663802146911621,-1514
0.36661410331726074,-1514
0.36686110496520996,-1514
0.3671000003814697,-1514
0.36783313751220703,-1514
0.3693561553955078,-1514
0.3693580627441406,-1514
0.36935901641845703,-1514
0.36935901641845703,-1514
0.36935997009277344,-1514
0.36935997009277344,-1514
0.36936116218566895,-1514
0.3695669174194336,78
0.371657133102417,78
0.37325119972229004,77
0.3732922077178955,-1514
0.3734440803527832,-1514
0.37360215187072754,-1514
0.37376832962036133,-1514
0.3751199245452881,-1514
0.3751220703125,-1514
0.3751232624053955,-1514
0.3751232624053955,-1514
0.37546205520629883,80
0.3773531913757324,80
0.37964606285095215,80
0.38127613067626953,-1514
0.38143420219421387,-1514
0.3814549446105957,80
0.3815932273864746,-1514
0.38175511360168457,-1514
0.38342809677124023,-1514
0.38342905044555664,-1514
0.3834362030029297,80
0.383587121963501,-1514
0.3835880756378174,-1514
0.3853890895843506,80
0.38741111755371094,79
0.38943004608154297,80
0.39108800888061523,79
0.39278388023376465,79
0.3950002193450928,80
0.39725303649902344,-1514
0.39736318588256836,80
0.39760613441467285,81
0.39800500869750977,81
0.3982112407684326,-1514
0.398374080657959,-1514
0.3983762264251709,-1514
0.39846014976501465,81
0.39882898330688477,81
0.3992581367492676,81
0.3999321460723877,-1514
0.4004242420196533,-1514
0.40067005157470703,82
0.4026670455932617,81
0.40404605865478516,81
0.40645909309387207,82
0.4088709354400635,82
0.4110281467437744,82
0.41274523735046387,82
0.41306018829345703,84
0.4134352207183838,84
0.4147500991821289,84
0.41564035415649414,84
0.416074275970459,84
0.41646718978881836,84
0.4168572425842285,84
0.41724228858947754,84
0.41761112213134766,84
0.4180562496185303,84
0.41851186752319336,84
0.41890907287597656,84
0.420424222946167,87
0.42244696617126465,87
0.42386531829833984,86
0.424058198928833,-1514
0.4240610599517822,-1514
0.4243810176849365,86
0.4248690605163574,86
0.42531514167785645,86
0.42571425437927246,86
0.42612600326538086,86
0.4265110492706299,86
0.42688417434692383,86
0.4273080825805664,86
0.42864322662353516,84
0.43115901947021484,-1514
0.43116116523742676,-1514
0.43116211891174316,-1514
0.43116211891174316,-1514
0.43116307258605957,-1514
0.431164026260376,-1514
0.4311649799346924,-1514
0.4311649799346924,-1514
0.4311668872833252,-1514
0.4311668872833252,-1514
0.4311678409576416,-1514
0.4311678409576416,-1514
0.4311692714691162,-1514
0.4311702251434326,-1514
0.4311702251434326,-1514
0.43117308616638184,-1514
0.43117308616638184,-1514
0.43117403984069824,-1514
0.43164801597595215,-1514
0.4318051338195801,-1514
0.43277621269226074,84
0.4338572025299072,-1514
0.43385910987854004,-1514
0.43508410453796387,83
0.43724703788757324,84
0.43906617164611816,83
0.4416022300720215,84
0.44327521324157715,-1514
0.4433860778808594,84
0.44342708587646484,-1514
0.44358110427856445,-1514
0.44374704360961914,-1514
0.44391417503356934,-1514
0.44450902938842773,-1514
0.44466519355773926,-1514
0.4448261260986328,-1514
0.4449880123138428,-1514
0.4451441764831543,-1514
0.44530630111694336,-1514
0.4454653263092041,-1514
0.44562721252441406,-1514
0.4457852840423584,-1514
0.44582533836364746,84
0.44594430923461914,-1514
0.4461061954498291,-1514
0.44626426696777344,-1514
0.4464261531829834,-1514
0.44658613204956055,-1514
0.44673919677734375,-1514
0.4469020366668701,-1514
0.44706010818481445,-1514
0.44722819328308105,-1514
0.447385311126709,-1514
0.4475429058074951,-1514
0.44769906997680664,-1514
0.44786620140075684,-1514
0.4480271339416504,-1514
0.4481852054595947,-1514
0.4483451843261719,-1514
0.44850611686706543,-1514
0.44853925704956055,79
0.4486689567565918,-1514
0.44922518730163574,-1514
0.44937825202941895,-1514
0.4495358467102051,-1514
0.449692964553833,-1514
0.4498629570007324,-1514
0.44986414909362793,-67
0.45051002502441406,79
0.4523661136627197,79
0.45455217361450195,79
0.4563603401184082,79
0.45820021629333496,78
0.4586310386657715,-1514
0.45896315574645996,-1514
0.4589660167694092,-1514
0.4589660167694092,-1514
0.4589669704437256,-1508
0.4589681625366211,-1514
0.4589681625366211,-1514
0.4589691162109375,-1514
0.4589691162109375,-1514
0.4589722156524658,-1514
0.4589722156524658,-1514
0.4589731693267822,-1514
0.45897412300109863,-1514
0.45897412300109863,-1514
0.45897507667541504,-1514
0.45897507667541504,-1514
0.45897603034973145,-1514
0.45897722244262695,-1514
0.45897722244262695,-1514
0.45897817611694336,-1514
0.45897912979125977,-1514
0.45898008346557617,-1514
0.45898008346557617,-1514
0.4589810371398926,-1514
0.458981990814209,-1514
0.4602539539337158,79
0.4620640277862549,79
0.4642350673675537,79
0.46673107147216797,79
0.4692511558532715,79
0.47079896926879883,-1514
0.47080111503601074,-1514
0.47080230712890625,-1514
0.47080326080322266,-1514
0.4716973304748535,79
0.47425103187561035,79
0.4761810302734375,80
0.478532075881958,-1514
0.4787108898162842,-1514
0.4787132740020752,-1514
0.4787142276763916,-1514
0.4787142276763916,-1514
0.47884607315063477,-1514
0.4788479804992676,-1514
0.4788479804992676,-1514
0.4788491725921631,-1514
0.4788491725921631,-1514
0.4788510799407959,-1514
0.4788510799407959,-1514
0.4788520336151123,-1514
0.4790220260620117,-1514
0.47912120819091797,80
0.47919225692749023,-1514
0.4793260097503662,-1514
0.4794940948486328,-1514
0.47964024543762207,-1514
0.4798300266265869,-1514
0.479964017868042,-1514
0.48012208938598633,-1514
0.48028016090393066,-1514
0.4804360866546631,-1514
0.48060131072998047,-1514
0.4807603359222412,-1514
0.48092031478881836,-1514
0.481093168258667,-1514
0.48124027252197266,-1514
0.48140406608581543,-1514
0.48156213760375977,-1514
0.4817230701446533,-1514
0.48188114166259766,-1514
0.4820380210876465,-1514
0.48220133781433105,-1514
0.48229217529296875,80
0.4823899269104004,-1514
0.48254895210266113,-1514
0.48268914222717285,-1514
0.48284029960632324,-1514
0.4830031394958496,-1514
0.4831562042236328,-1514
0.4833180904388428,-1514
0.48348116874694824,-1514
0.4836459159851074,-1514
0.48511791229248047,80
0.4867820739746094,-1514
0.48748016357421875,80
0.48929715156555176,79
0.4920332431793213,80
0.49225401878356934,-1514
0.49225711822509766,-1514
0.49225711822509766,-1514
0.49225807189941406,-1514
0.49225926399230957,-1514
0.49225926399230957,-1514
0.492260217666626,-1514
0.4922611713409424,-1514
0.4922621250152588,-1514
0.4922630786895752,-1514
0.4922642707824707,-1514
0.4922642707824707,-1514
0.4922652244567871,-1514
0.4922652244567871,-1514
0.4922661781311035,-1514
0.4922671318054199,-1514
0.4922671318054199,-1514
0.49226808547973633,-1514
0.49226903915405273,-1514
0.49226999282836914,-1514
0.49226999282836914,-1514
0.49227094650268555,-1514
0.49241018295288086,-1507
0.49241113662719727,-1514
0.49241209030151367,-1514
0.4924139976501465,-1514
0.4924139976501465,-1514
0.4924149513244629,-1514
0.4924159049987793,-1514
0.4924159049987793,-1514
0.4924173355102539,-1514
0.4924182891845703,-1514
0.49255990982055664,-1514
0.4927189350128174,-1514
0.4928860664367676,-1514
0.4930422306060791,-1514
0.49320220947265625,-1514
0.4933621883392334,-1514
0.49352502822875977,-1514
0.4936830997467041,-1514
0.49384403228759766,-1514
0.4938521385192871,80
0.494002103805542,-1514
0.4941599369049072,-1514
0.4943222999572754,-1514
0.4944798946380615,-1514
0.4946413040161133,-1514
0.4947998523712158,-1514
0.4949612617492676,-1514
0.49512505531311035,-1514
0.4952821731567383,-1514
0.4954400062561035,-1514
0.4956049919128418,-1514
0.4957621097564697,-1514
0.49592113494873047,-1514
0.4960823059082031,-1514
0.49624133110046387,-1514
0.496401309967041,-1514
0.496563196182251,-1514
0.49657106399536133,80
0.4967212677001953,-1514
0.49688220024108887,-1514
0.4970381259918213,-1514
0.49720001220703125,-1514
0.4973611831665039,-1514
0.49854016304016113,80
0.5002150535583496,-1514
0.5003702640533447,-1514
0.5005311965942383,-1514
0.5006859302520752,-1514
0.5008502006530762,-1514
0.5008893013000488,78
0.501007080078125,-1514
0.5011670589447021,-1514
0.5013279914855957,-1514
0.5014879703521729,-1514
0.5016510486602783,-1514
0.5018100738525391,-1514
0.5019669532775879,-1514
0.5021302700042725,-1514
0.5022892951965332,-1514
0.5024492740631104,-1514
0.5026092529296875,-1514
0.5027692317962646,-1514
0.5029280185699463,-1514
0.5030879974365234,-1514
0.503093957901001,78
0.5032501220703125,-1514
0.5034091472625732,-1514
0.5035691261291504,-1514
0.503727912902832,-1514
0.503892183303833,-1514
0.5040493011474609,-1514
0.5042068958282471,-1514
0.5043680667877197,-1514
0.5045280456542969,-1514
0.5046870708465576,-1514
0.5048460960388184,-1514
0.5050079822540283,-1514
0.5051679611206055,-1514
0.5053331851959229,-1514
0.5056540966033936,78
0.5065462589263916,-1514
0.5065481662750244,-1514
0.5073461532592773,77
0.5091040134429932,78
0.5106611251831055,78
0.5124790668487549,78
0.5147442817687988,78
0.515761137008667,-1514
0.515923261642456,-1514
0.5163693428039551,-1514
0.5168111324310303,78
0.5184779167175293,-1514
0.5184800624847412,-1514
0.5198323726654053,78
0.5222289562225342,78
0.5247461795806885,78
0.5271651744842529,78
0.5298922061920166,78
0.5320851802825928,78
0.5324480533599854,-1514
0.5324501991271973,-1514
0.5324501991271973,-1514
0.5324511528015137,-1514
0.5324521064758301,-1514
0.5324530601501465,-1514
0.5324540138244629,-1514
0.5324549674987793,-1514
0.5324549674987793,-1514
0.5324583053588867,-1514
0.5324583053588867,-1514
0.5324592590332031,-1514
0.5324592590332031,-1514
0.5324602127075195,-1514
0.5324602127075195,-1514
0.5324621200561523,-1514
0.5324621200561523,-1514
0.5324630737304688,-1514
0.5324640274047852,-1514
0.5324640274047852,-1514
0.5324652194976807,-1514
0.5324652194976807,-1514
0.5324661731719971,-1514
0.5346682071685791,78
0.5361089706420898,-1514
0.5362679958343506,-1514
0.5364229679107666,-1514
0.536588191986084,-1514
0.5367453098297119,-1514
0.5369071960449219,-1514
0.5370643138885498,-1514
0.5372180938720703,-1514
0.5373871326446533,-1514
0.5375480651855469,-1514
0.5378210544586182,-1514
0.5379810333251953,-1514
0.5381371974945068,-1514
0.5382752418518066,78
0.5383090972900391,-1514
0.5384562015533447,-1514
0.538621187210083,-1514
0.538783073425293,-1514
0.5389420986175537,-1514
0.5390982627868652,-1514
0.5392601490020752,-1514
0.5394163131713867,-1514
0.5395791530609131,-1514
0.5397400856018066,-1514
0.5398991107940674,-1514
0.5400571823120117,-1514
0.5402190685272217,-1514
0.540377140045166,-1514
0.5405380725860596,-1514
0.540696382522583,-1514
0.5408601760864258,-1514
0.5410149097442627,-1514
0.5411839485168457,-1514
0.5418252944946289,78
0.5435669422149658,78
0.5453550815582275,78
0.5471382141113281,78
0.5495679378509521,78
0.5505561828613281,-1514
0.5507922172546387,-1514
0.5510299205780029,-1514
0.5517542362213135,77
0.5539331436157227,78
0.5553631782531738,78
0.5554399490356445,-1514
0.5556840896606445,-1514
0.5556859970092773,-1514
0.5556859970092773,-1514
0.5556869506835938,-1514
0.5559213161468506,-1514
0.5561721324920654,-1514
0.5561749935150146,-1514
0.5561749935150146,-1514
0.556175947189331,-1514
0.556175947189331,-1514
0.5561771392822266,-1514
0.556178092956543,-1514
0.556178092956543,-1514
0.5561790466308594,-1514
0.5561800003051758,-1514
0.5585739612579346,78
0.5597860813140869,77
0.5616199970245361,78
0.5628912448883057,77
0.5642399787902832,77
0.5649161338806152,-1514
0.5650689601898193,-1514
0.5652251243591309,-1514
0.565392017364502,-1514
0.5655550956726074,-1514
0.5660011768341064,-1514
0.5661590099334717,-1514
0.5662422180175781,78
0.5663161277770996,-1514
0.5664842128753662,-1514
0.567237138748169,-1514
0.5673980712890625,-1514
0.5675561428070068,-1514
0.5677220821380615,-1514
0.5681843757629395,78
0.5690121650695801,-1514
0.5691649913787842,-1514
0.5693292617797852,-1514
0.5694892406463623,-1514
0.5699410438537598,78
0.5700070858001709,-1514
0.5701632499694824,-1514
0.5703310966491699,-1514
0.5704870223999023,-1514
0.5715899467468262,77
0.5716309547424316,-1514
0.5717830657958984,-1514
0.5719470977783203,-1514
0.5726351737976074,-1514
0.5727941989898682,-1514
0.5729532241821289,-1514
0.573113203048706,-1514
0.5733871459960938,78
0.574904203414917,78
0.5762162208557129,78
0.576991081237793,79
0.5784640312194824,80
0.5800940990447998,83
0.5816750526428223,82
0.5820620059967041,82
0.582421064376831,82
0.582787036895752,82
0.5831739902496338,82
0.5835480690002441,82
0.58371901512146,-1514
0.5839152336120605,82
0.5841710567474365,-1514
0.5843291282653809,-1514
0.584334135055542,82
0.5844912528991699,-1514
0.5846672058105469,82
0.58502197265625,82
0.5850670337677002,-1514
0.5852241516113281,-1514
0.5853843688964844,-1514
0.5854182243347168,82
0.5855453014373779,-1514
0.5856709480285645,84
0.5857062339782715,-1514
0.5858652591705322,-1514
0.5860261917114258,-1514
0.5860629081726074,84
0.5861830711364746,-1514
0.5863480567932129,-1514
0.5864171981811523,84
0.5865051746368408,-1514
0.5866620540618896,-1514
0.5867910385131836,84
0.5868270397186279,-1514
0.586989164352417,-1514
0.5871453285217285,-1514
0.5871932506561279,84
0.5873062610626221,-1514
0.5874652862548828,-1514
0.5875551700592041,84
0.587622880935669,-1514
0.5877821445465088,-1514
0.5879480838775635,-1514
0.5881118774414062,-1514
0.588273286819458,-1514
0.5884332656860352,-1514
0.5885870456695557,-1514
0.5887441635131836,-1514
0.5888493061065674,85
0.5891430377960205,84
0.5895030498504639,84
0.5898709297180176,84
0.5902681350708008,84
0.5906350612640381,84
0.5908851623535156,86
0.5912883281707764,86
0.5917363166809082,86
0.592137336730957,86
0.592926025390625,86
0.59334397315979,86
0.5936813354492188,86
0.5940492153167725,86
0.5944540500640869,86
0.5948309898376465,86
0.595217227935791,86
0.5955820083618164,86
0.5958290100097656,88
0.596243143081665,88
0.5966050624847412,88
0.5969853401184082,88
0.5973701477050781,88
0.5977392196655273,88
0.5981152057647705,88
0.5985100269317627,88
0.5988750457763672,88
0.599276065826416,88
0.599656343460083,88
0.6000092029571533,88
0.6004111766815186,88
0.6007809638977051,88
0.6012320518493652,-1514
0.6013631820678711,-1514
0.6015322208404541,-1514
0.6016561985015869,88
0.6020369529724121,88
0.603492021560669,-67
0.6036441326141357,-1514
0.6037890911102295,-1514
0.6039531230926514,-1514
0.6044011116027832,-1514
0.6061251163482666,79
0.6084949970245361,-1514
0.6086502075195312,-1514
0.608809232711792,-1514
0.6089730262756348,-1514
0.6094021797180176,-1514
0.6095631122589111,-1514
0.6097278594970703,-1514
0.6098892688751221,-1514
0.6103320121765137,-1514
0.6104891300201416,-1514
0.6106503009796143,-1514
0.6108102798461914,-1514
0.610975980758667,-1514
0.611501932144165,-1507
0.6116600036621094,-1514
0.6118171215057373,-1514
0.6119792461395264,-1514
0.6121363639831543,-1514
0.6122972965240479,-1514
0.6124610900878906,-1514
0.6147782802581787,-67
0.6152172088623047,-1514
0.6153542995452881,-1514
0.6155211925506592,-1514
0.6157410144805908,79
0.6172440052032471,-1514
0.6172459125518799,-1514
0.6172459125518799,-1514
0.6174020767211914,-1514
0.6178619861602783,-1514
0.6179349422454834,79
0.6194732189178467,79
0.6203310489654541,-1514
0.6203329563140869,-1514
0.6203339099884033,-1514
0.6203339099884033,-1514
0.6203351020812988,-1514
0.6203372478485107,-1514
0.6214492321014404,79
0.6232903003692627,79
0.6247460842132568,78
0.6263401508331299,79
0.6287341117858887,78
0.6300990581512451,78
0.6313462257385254,78
0.6328511238098145,79
0.6347990036010742,76
0.6354520320892334,-1514
0.6356260776519775,-1514
0.6356282234191895,-1514
0.6356291770935059,-1514
0.6356291770935059,-1514
0.6356301307678223,-1514
0.6356301307678223,-1514
0.6356310844421387,-1514
0.6356310844421387,-1514
0.6356332302093506,-1514
0.635634183883667,-1514
0.635634183883667,-1514
0.6356351375579834,-1514
0.6356351375579834,-1514
0.6356360912322998,-1514
0.6356360912322998,-1514
0.6356370449066162,-1514
0.6356370449066162,-1514
0.6356379985809326,-1514
0.6356379985809326,-1514
0.635638952255249,-1514
0.6356403827667236,-1514
0.6356403827667236,-1514
0.63564133644104,-1514
0.6356422901153564,-1514
0.6356432437896729,-1514
0.6356441974639893,-1514
0.6356441974639893,-1514
0.6356451511383057,-1514
0.6356461048126221,-1514
0.6356461048126221,-1514
0.6356470584869385,-1514
0.6356470584869385,-1514
0.6357700824737549,-1514
0.6359341144561768,-1514
0.6360921859741211,-1514
0.6362531185150146,-1514
0.6364092826843262,-1514
0.6365451812744141,77
0.6365759372711182,-1514
0.6367292404174805,-1514
0.6368842124938965,-1514
0.6370501518249512,-1514
0.6372129917144775,-1514
0.6373720169067383,-1514
0.6375281810760498,-1514
0.6376903057098389,-1514
0.637850284576416,-1514
0.6380112171173096,-1514
0.6381702423095703,-1514
0.6382572650909424,76
0.638329267501831,-1514
0.6384892463684082,-1514
0.638653039932251,-1514
0.6388120651245117,-1514
0.6389691829681396,-1514
0.6391282081604004,-1514
0.6392881870269775,-1514
0.6394500732421875,-1514
0.6396121978759766,-1514
0.6397693157196045,-1514
0.6399292945861816,-1514
0.6399540901184082,78
0.6400840282440186,-1514
0.6402440071105957,-1514
0.6404101848602295,-1514
0.6405749320983887,-1514
0.6409721374511719,-1514
0.6411302089691162,-1514
0.6415791511535645,77
0.6426301002502441,-1514
0.642632246017456,-1514
0.6429293155670166,78
0.6431200504302979,-1514
0.643275260925293,-1514
0.6434361934661865,-1514
0.6435999870300293,-1514
0.6437571048736572,-1514
0.6439189910888672,-1514
0.6440780162811279,-1514
0.6442389488220215,-1514
0.6443979740142822,-1514
0.6445589065551758,-1514
0.644721269607544,-1514
0.6447291374206543,78
0.6459999084472656,77
0.6474912166595459,78
0.6488580703735352,78
0.6504721641540527,78
0.6521213054656982,78
0.6537790298461914,78
0.6550140380859375,77
0.6569108963012695,78
0.6593830585479736,78
0.661419153213501,78
0.6629021167755127,-1514
0.6629230976104736,77
0.6630582809448242,-1514
0.6632130146026611,-1514
0.6633791923522949,-1514
0.6635451316833496,-1514
0.664323091506958,-1514
0.6644742488861084,-1514
0.6646289825439453,-1514
0.6647911071777344,-1514
0.6648440361022949,77
0.664952278137207,-1514
0.6651110649108887,-1514
0.6652750968933105,-1514
0.6654379367828369,-1514
0.6661622524261475,-1514
0.6661701202392578,78
0.6663188934326172,-1514
0.6664779186248779,-1514
0.6666421890258789,-1514
0.6667990684509277,-1514
0.6669580936431885,-1514
0.6671133041381836,-1514
0.6672790050506592,-1514
0.6674380302429199,-1514
0.667443037033081,77
0.6675951480865479,-1514
0.667759895324707,-1514
0.6679213047027588,-1514
0.6680779457092285,-1514
0.6682388782501221,-1514
0.6684000492095947,-1514
0.6685581207275391,-1514
0.6685640811920166,77
0.6687171459197998,-1514
0.6688811779022217,-1514
0.6699011325836182,78
0.6711909770965576,77
0.6730661392211914,77
0.6743988990783691,-1514
0.6744012832641602,-1514
0.6744022369384766,-1514
0.6744022369384766,-1514
0.6745622158050537,-1514
0.6745631694793701,-1514
0.6745631694793701,-1514
0.6745641231536865,-1514
0.6745641231536865,-1514
0.6745650768280029,-1514
0.6745650768280029,-1514
0.6745660305023193,-1514
0.6745669841766357,-1514
0.6745681762695312,-1514
0.6745691299438477,-1514
0.6745700836181641,-1514
0.6745700836181641,-1514
0.6745710372924805,-1514
0.6745710372924805,-1514
0.6745719909667969,-1514
0.6745731830596924,-1514
0.6745731830596924,-1514
0.6745741367340088,-1514
0.6745741367340088,-1514
0.6745750904083252,-1514
0.6745750904083252,-1514
0.6745760440826416,-1514
0.6745829582214355,77
0.6747090816497803,-1514
0.6760401725769043,78
0.677278995513916,77
0.6786172389984131,77
0.6802380084991455,78
0.6817171573638916,78
0.6829118728637695,78
0.6842238903045654,77
0.6860651969909668,78
0.6882011890411377,-1514
0.6882030963897705,-1514
0.6882030963897705,-1514
0.6882040500640869,-1514
0.6882050037384033,-1514
0.6882050037384033,-1514
0.6882059574127197,-1514
0.6882059574127197,-1514
0.6882069110870361,-1514
0.6882662773132324,78
0.6883490085601807,-1514
0.6885170936584473,-1514
0.6885190010070801,-1514
0.6885190010070801,-1514
0.6885201930999756,-1514
0.688521146774292,-1514
0.688521146774292,-1514
0.6885221004486084,-1514
0.6885221004486084,-1514
0.6885230541229248,-1514
0.6885240077972412,-1514
0.6885240077972412,-1514
0.6885249614715576,-1514
0.6885249614715576,-1514
0.688525915145874,-1514
0.688525915145874,-1514
0.6885271072387695,-1514
0.6885271072387695,-1514
0.6885280609130859,-1514
0.6885280609130859,-1514
0.6885292530059814,-1514
0.6886720657348633,-1514
0.688831090927124,-1514
0.6889920234680176,-1514
0.6891491413116455,-1514
0.6893110275268555,-1514
0.6894779205322266,-1514
0.689629077911377,-1514
0.6897931098937988,-1514
0.6899499893188477,-1514
0.690108060836792,-1514
0.690269947052002,-1514
0.6904332637786865,-1514
0.6905910968780518,-1514
0.6907482147216797,-1514
0.6909120082855225,-1514
0.691068172454834,-1514
0.6912310123443604,-1514
0.6913881301879883,-1514
0.6915781497955322,-1514
0.6917099952697754,-1514
0.6918849945068359,-1514
0.6919519901275635,78
0.6920280456542969,-1514
0.6922192573547363,-1514
0.6923520565032959,-1514
0.6925151348114014,-1514
0.692669153213501,-1514
0.6928291320800781,-1514
0.6929941177368164,-1514
0.6931519508361816,-1514
0.6933131217956543,-1514
0.6946451663970947,-1514
0.6946470737457275,-1514
0.6946470737457275,-1514
0.6951661109924316,-1514
0.695324182510376,-1514
0.6955111026763916,-1514
0.6956470012664795,-1514
0.6958332061767578,-1514
0.6959640979766846,-1514
0.6960351467132568,78
0.6961231231689453,-1514
0.6963121891021729,-1514
0.6964468955993652,-1514
0.696605920791626,-1514
0.6967630386352539,-1514
0.6969232559204102,-1514
0.6971099376678467,-1514
0.6972470283508301,-1514
0.6974022388458252,-1514
0.6975622177124023,-1514
0.6977221965789795,-1514
0.6978893280029297,-1514
0.7000751495361328,77
0.7015781402587891,78
0.7051372528076172,78
0.7071239948272705,78
0.7098450660705566,78
0.7113220691680908,77
0.7130351066589355,77
0.7142398357391357,-1514
0.7143940925598145,-1514
0.7145581245422363,-1514
0.7145600318908691,-578
0.71492600440979,78
0.7179739475250244,77
0.7194912433624268,77
0.7220690250396729,77
0.7244470119476318,78
0.7256460189819336,77
0.7290380001068115,78
0.7315640449523926,78
0.7339670658111572,78
0.7362501621246338,78
0.7378299236297607,77
0.7397470474243164,77
0.742469072341919,78
0.7438240051269531,77
0.7451720237731934,77
0.7468760013580322,78
0.7492563724517822,77
0.7507443428039551,77
0.7524261474609375,78
0.7540731430053711,78
0.7558078765869141,79
0.7562880516052246,79
0.757850170135498,79
0.7593250274658203,80
0.7603931427001953,79
0.7621152400970459,80
0.7637710571289062,80
0.7645471096038818,-1514
0.7647011280059814,-1514
0.764857292175293,-1514
0.7661161422729492,-1514
0.7662732601165771,-1514
0.7662830352783203,80
0.7677550315856934,-1514
0.7679100036621094,-1514
0.7680671215057373,-1514
0.768604040145874,80
0.7698922157287598,-1514
0.7698941230773926,-1514
0.7711391448974609,80
0.7734839916229248,-1514
0.7734861373901367,-1514
0.7750310897827148,-1514
0.7751901149749756,-1514
0.7751922607421875,-1514
0.7758710384368896,-1514
0.7760319709777832,-1514
0.7761900424957275,-1514
0.7763540744781494,-1514
0.7769372463226318,80
0.7783212661743164,79
0.7783701419830322,-1514
0.7785522937774658,-1514
0.7786540985107422,81
0.7790200710296631,81
0.7793560028076172,-1514
0.77935791015625,-1514
0.7801599502563477,82
0.7818379402160645,82
0.7833712100982666,82
0.7862629890441895,82
0.7879703044891357,82
0.7902331352233887,82
0.7918710708618164,82
0.7936091423034668,82
0.7955222129821777,82
0.7973909378051758,82
0.7993440628051758,82
0.8022670745849609,82
0.804725170135498,-68
0.8048851490020752,-1514
0.8057510852813721,-1514
0.8082172870635986,76
0.8174431324005127,-1514
0.8179590702056885,-1514
0.8189291954040527,76
0.8191580772399902,-1514
0.8191602230072021,-1514
0.8191611766815186,-1514
0.8191611766815186,-1508
0.8198308944702148,-1514
0.819983959197998,-1514
0.820195198059082,-1514
0.8201961517333984,-1514
0.8204832077026367,-1514
0.8206150531768799,-1514
0.8207762241363525,-1514
0.8208661079406738,76
0.8209381103515625,-1514
0.8210961818695068,-1514
0.821256160736084,-1514
0.8214201927185059,-1514
0.8215820789337158,-1514
0.8217391967773438,-1514
0.8218991756439209,-1514
0.8220539093017578,-1514
0.8222141265869141,-1514
0.8223741054534912,-1514
0.823127031326294,-1514
0.823228120803833,77
0.8249220848083496,76
0.8260421752929688,76
0.827268123626709,-1514
0.8272700309753418,-1514
0.8272700309753418,-1514
0.8272709846496582,-1514
0.8272721767425537,-1514
0.8272731304168701,-1514
0.8272731304168701,-1514
0.8272750377655029,-1514
0.8272750377655029,-1514
0.8272759914398193,-1514
0.8272759914398193,-1514
0.8272771835327148,-1514
0.8272781372070312,-1514
0.8272781372070312,-1514
0.8272790908813477,-1514
0.8272790908813477,-1514
0.8272800445556641,-1514
0.8272812366485596,-1514
0.8272812366485596,-1514
0.8278813362121582,77
0.830143928527832,77
0.8320350646972656,77
0.8345053195953369,77
0.8365581035614014,77
0.8390262126922607,77
0.8413970470428467,77
0.8436470031738281,-1514
0.8436501026153564,-1514
0.8436510562896729,-1514
0.8436510562896729,-1514
0.8436949253082275,77
0.8441109657287598,-1514
0.8442733287811279,-1514
0.844426155090332,-1514
0.8445932865142822,-1514
0.8447480201721191,-1514
0.8449051380157471,-1514
0.8455100059509277,77
0.84700608253479,-1514
0.8470079898834229,-1514
0.8470091819763184,-1514
0.8473570346832275,77
0.8488790988922119,76
0.850067138671875,76
0.8515081405639648,78
0.8530299663543701,77
0.8553919792175293,78
0.8568840026855469,78
0.8581380844116211,77
0.8593852519989014,77
0.861065149307251,77
0.8625552654266357,78
0.864234209060669,78
0.8655979633331299,78
0.8676390647888184,81
